Country,Year,Percent_Pregnant_with_HIV,Transmissioin_Rate
Democratic Republic of the Congo,2008,NULL,41.27
Democratic Republic of the Congo,2009,NULL,41.29
Democratic Republic of the Congo,2010,6.4,39.47
Democratic Republic of the Congo,2011,9.6,39.11
Democratic Republic of the Congo,2012,10.3,38.49
Democratic Republic of the Congo,2013,24.7,34.2
Democratic Republic of the Congo,2014,39.7,29.47
Democratic Republic of the Congo,2015,47.7,28.93
Democratic Republic of the Congo,2016,51.7,27.94
Democratic Republic of the Congo,2017,47.5,28.82
