Country,Year,Percent_Pregnant_with_HIV,Transmissioin_Rate
Chad,2008,NULL,36.45
Chad,2009,NULL,34.05
Chad,2010,19.4,30.53
Chad,2011,23.3,28.96
Chad,2012,32.4,27.37
Chad,2013,54.3,22.25
Chad,2014,77.7,16
Chad,2015,60.8,22.15
Chad,2016,58.1,22.66
Chad,2017,64.6,21.3
,,,
,,,
,,,
,,,
,,,
Country,Year,Percent_Pregnant_with_HIV,Transmissioin_Rate
Equatorial Guinea,2008,NULL,34.93
Equatorial Guinea,2009,NULL,36.74
Equatorial Guinea,2010,15.1,33.82
Equatorial Guinea,2011,8.1,36.28
Equatorial Guinea,2012,13.1,33.54
Equatorial Guinea,2013,56.4,23.2
Equatorial Guinea,2014,53.7,20.85
Equatorial Guinea,2015,41.7,24.99
Equatorial Guinea,2016,64.3,21.03
Equatorial Guinea,2017,58,22.03
